-- phpMyAdmin SQL Dump
-- version 5.1.1
-- https://www.phpmyadmin.net/
--
-- Host: 127.0.0.1
-- Generation Time: Aug 13, 2021 at 06:55 PM
-- Server version: 10.4.20-MariaDB
-- PHP Version: 8.0.9

SET SQL_MODE = "NO_AUTO_VALUE_ON_ZERO";
START TRANSACTION;
SET time_zone = "+00:00";


/*!40101 SET @OLD_CHARACTER_SET_CLIENT=@@CHARACTER_SET_CLIENT */;
/*!40101 SET @OLD_CHARACTER_SET_RESULTS=@@CHARACTER_SET_RESULTS */;
/*!40101 SET @OLD_COLLATION_CONNECTION=@@COLLATION_CONNECTION */;
/*!40101 SET NAMES utf8mb4 */;

--
-- Database: `recipedb`
--

-- --------------------------------------------------------

--
-- Table structure for table `tbl_ingredients`
--

CREATE TABLE `tbl_ingredients` (
  `ingredient_id` bigint(4) NOT NULL,
  `ingredient_name` varchar(40) NOT NULL,
  `measurement` varchar(25) NOT NULL
) ENGINE=InnoDB DEFAULT CHARSET=utf8mb4;

--
-- Dumping data for table `tbl_ingredients`
--

INSERT INTO `tbl_ingredients` (`ingredient_id`, `ingredient_name`, `measurement`) VALUES
(1, 'Az Syrup', 'teaspoon'),
(2, 'All Purpose Flour', 'teaspoon'),
(3, 'Almond Milk', 'teaspoon'),
(4, 'Apple Cider Vinegar', 'teaspoon'),
(5, 'Applesauce - Unsweetened', 'teaspoon'),
(6, 'Artichoke Hearts', 'teaspoon'),
(7, 'Avocado', 'avocado'),
(8, 'Baby Potatoes', 'cup'),
(9, 'Baguettes', 'baguette'),
(10, 'Baking Powder', 'teaspoon'),
(11, 'Baking Soda', 'teaspoon'),
(12, 'Basil', 'teaspoon'),
(13, 'Basil Leaves', 'leaf'),
(14, 'Bean Sprouts', 'teaspoon'),
(15, 'Bell Pepper - Green', 'bell'),
(16, 'Bell Pepper - Orange', 'bell'),
(17, 'Bell Pepper - Red', 'bell'),
(18, 'Bell Pepper - Yellow', 'bell'),
(19, 'Black Beans', 'can'),
(20, 'Brewed Coffee', 'teaspoon'),
(21, 'Broccoli', 'teaspoon'),
(22, 'Brown Rice', 'teaspoon'),
(23, 'Canola Oil', 'teaspoon'),
(24, 'Canola or Corn Oil', 'teaspoon'),
(25, 'Carrots', 'cup'),
(26, 'Cashews', 'cup'),
(27, 'Cauliflower Florets', 'cup'),
(28, 'Cayenne Pepper', 'teaspoon'),
(29, 'Celery', 'stick'),
(30, 'Chili Garlic Sauce', 'teaspoon'),
(31, 'Chili Powder', 'teaspoon'),
(32, 'Chinese 5 Spice (optional)', 'teaspoon'),
(33, 'Chopped Tomatoes', 'can'),
(34, 'Cilantro', 'cup'),
(35, 'Cocoa Powder ', 'teaspoon'),
(36, 'Cocoa Powder - Unsweetened', 'teaspoon'),
(37, 'Coconut Aminos', 'teaspoon'),
(38, 'Coconut Cream/Milk', 'ounce'),
(39, 'Coconut Milk', 'ounce'),
(40, 'Coconut oil', 'teaspoon'),
(41, 'Coffee Liqueur', 'teaspoon'),
(42, 'Coriander', 'pack'),
(43, 'Cornstarch', 'teaspoon'),
(44, 'Cucumber', 'cucumber'),
(45, 'Cumin', 'teaspoon'),
(46, 'Daikon/Radish', 'cup'),
(47, 'Dairy Free Semisweet Chocolate', 'cup'),
(48, 'Dried Oregano', 'teaspoon'),
(49, 'Espresso/Strong Coffee', 'shot'),
(50, 'Fresh Thyme', 'sprig'),
(51, 'Garlic - Minced', 'clove'),
(52, 'Garlic cloves', 'clove'),
(53, 'Garlic Powder (Substitute)', 'teaspoon'),
(54, 'Ginger', 'inch'),
(55, 'Ginger - Minced', 'teaspoon'),
(56, 'Grapeseed Oil', 'teaspoon'),
(57, 'Green Onion', 'green onion'),
(58, 'Ground Cumin', 'teaspoon'),
(59, 'Ground Flax', 'teaspoon'),
(60, 'Guacamole', 'teaspoon'),
(61, 'Hot Sauce', 'teaspoon'),
(62, 'Hot Sauce/Sriracha', 'teaspoon'),
(63, 'Hummus', 'cup'),
(64, 'Jalapeno', 'jalapeno'),
(65, 'Japanese Eggplant', 'eggplant'),
(66, 'Kalamata Olives', 'cup'),
(67, 'Kale - Curly', 'bunch'),
(68, 'Kidney Beas', 'can'),
(69, 'Lemon', 'lemon'),
(70, 'Lemon Juice', 'teaspoon'),
(71, 'Lime', 'lime'),
(72, 'Lime Juice', 'teaspoon'),
(73, 'Linguine', 'ounce'),
(74, 'Maple (or Agave) Syrup', 'teaspoon'),
(75, 'Mozzarella - Vegan', 'cup'),
(76, 'Mushrooms', 'ounce'),
(77, 'Nutmeg', 'teaspoon'),
(78, 'Nutritional Yeast', 'teaspoon'),
(79, 'Nuts (any)', 'cup'),
(80, 'Oil of your choice', 'cup'),
(81, 'Olive Oil', 'teaspoon'),
(82, 'Onion', 'onion'),
(83, 'Oregano', 'teaspoon'),
(84, 'Paprika', 'teaspoon'),
(85, 'Parmesan - Vegan', 'cup'),
(86, 'Pasta Sauce', 'cup'),
(87, 'Pastry or All Purpose Flour', 'cup'),
(88, 'Peanut Butter', 'teaspoon'),
(89, 'Peanut Oil', 'teaspoon'),
(90, 'Peanuts', 'cup'),
(91, 'Pizza dough', 'ounce'),
(92, 'Red Chili', 'red chili'),
(93, 'Red Onion', 'red onion'),
(94, 'Red Pepper', 'red pepper'),
(95, 'Red Pepper Flakes', 'teaspoon'),
(96, 'Red Thai Chilis', 'red thai chili'),
(97, 'Red Wine', 'cup'),
(98, 'Rice', 'cup'),
(99, 'Rice Noodles', 'ounce'),
(100, 'Rice Vinegar', 'teaspoon'),
(101, 'Rice Wine Vinegar', 'cup'),
(102, 'Roasted Unsalted Peanuts', 'cup'),
(103, 'Rosemary', 'teaspoon'),
(104, 'Sage', 'teaspoon'),
(105, 'Salsa', 'cup'),
(106, 'Salt', 'teaspoon'),
(107, 'Scallions', 'bunch'),
(108, 'Seitan', 'ounce'),
(109, 'Sesame or Avocado Oil', 'teaspoon'),
(110, 'Sesame Seeds', 'cup'),
(111, 'Shallots', 'shallot'),
(112, 'Soy Sauce', 'cup'),
(113, 'Soy Sauce / Tamari', 'ounce'),
(114, 'Spinach', 'cup'),
(115, 'Sugar - Brown', 'teaspoon'),
(116, 'Sugar - Brown/Coconut ', 'teaspoon'),
(117, 'Sugar - Cane', 'cup'),
(118, 'Sugar - Granulated', 'teaspoon'),
(119, 'Sugar - Powdered', 'cup'),
(120, 'Sweet Potatoes', 'ounce'),
(121, 'Sweet Yellow Onions', 'sweet yellow onion'),
(122, 'Tamarind Paste', 'cup'),
(123, 'Thai Red Curry Paste', 'teaspoon'),
(124, 'Thyme', 'teaspoon'),
(125, 'Tofu', 'ounce'),
(126, 'Tomato Puree', 'teaspoon'),
(127, 'Tomatoes', 'tomato'),
(128, 'Tomatoes - Beefsteak', 'beefsteak tomato'),
(129, 'Tomatoes - Cherry', 'cherry tomato'),
(130, 'Tomatoes - Sun Dried', 'sun dried tomato'),
(131, 'Tortillas', 'pack'),
(132, 'Vanilla Extract', 'teaspoon'),
(133, 'Vegan Butter', 'teaspoon'),
(134, 'Vegan Chicken Cutlets', 'cutlet'),
(135, 'Vegan Eggs', 'egg'),
(136, 'Vegan Mayo', 'cup'),
(137, 'Vegetable Broth', 'cup'),
(138, 'Vegetable Stock', 'teaspoon'),
(139, 'Water', 'teaspoon'),
(140, 'Worcestershire Sauce', 'cup'),
(141, 'Yellow Squash', 'squash');

-- --------------------------------------------------------

--
-- Table structure for table `tbl_recipes`
--

CREATE TABLE `tbl_recipes` (
  `recipe_id` bigint(4) NOT NULL,
  `recipe_name` varchar(60) NOT NULL,
  `image_url` varchar(255) NOT NULL
) ENGINE=InnoDB DEFAULT CHARSET=utf8mb4;

--
-- Dumping data for table `tbl_recipes`
--

INSERT INTO `tbl_recipes` (`recipe_id`, `recipe_name`, `image_url`) VALUES
(1, 'Vegan chilli', 'assets/images/recipes/vegan_chilli.png'),
(2, 'Sweet potato curry', 'assets/images/recipes/sweet_potato_curry.png'),
(3, 'Linguine with avocado, tomato & lime', 'assets/images/recipes/linguine_avocado_tomato_lime.png'),
(4, 'Kale, Black Bean and Avocado Burrito Bowl', 'assets/images/recipes/kale_black_bean_avocado_burrito_bowl.png'),
(5, 'Hummus quesadillas', 'assets/images/recipes/hummus_quesadillas.png'),
(6, 'Artichoke and Spinach Pesto Pizza', 'assets/images/recipes/artichoke_spinach_pesto_pizza.png'),
(7, 'Pad Thai', 'assets/images/recipes/vegan_pad_thai.png'),
(8, 'Beef and broccoli', 'assets/images/recipes/beef_broccoli.png'),
(9, 'Mongolian beef', 'assets/images/recipes/mongolian_beef.png'),
(10, 'Cauliflower Banh Mi Sandwich', 'assets/images/recipes/cauliflower_banh_mi_sandwich.png'),
(11, 'Caramelized Onion Tart With Olives', 'assets/images/recipes/caramelized_onion_tart_olives.png'),
(12, 'Ratatouille', 'assets/images/recipes/ratatouille.png'),
(13, 'Vegan Coq au Vin', 'assets/images/recipes/vegan_coq_au_vin.png'),
(14, 'Vegan Nashville Fried Chicken', 'assets/images/recipes/vegan_nashville_fried_chicken.png'),
(15, 'General Tso', 'assets/images/recipes/general_tso_tofu.png'),
(16, 'Chocolate Cake', 'assets/images/recipes/vegan_chocolate_cake.png'),
(17, 'Brownies', 'assets/images/recipes/vegan_brownies.png'),
(18, 'Tiramisu', 'assets/images/recipes/vegan_tiramisu.png'),
(33, 'Pumpkin pie', 'assets/images/recipes/pumpkin_pie.png');

-- --------------------------------------------------------

--
-- Table structure for table `tbl_servingsize`
--

CREATE TABLE `tbl_servingsize` (
  `recipe_id` bigint(4) NOT NULL,
  `ingredient_id` bigint(4) NOT NULL,
  `quantity` double NOT NULL
) ENGINE=InnoDB DEFAULT CHARSET=utf8mb4;

--
-- Dumping data for table `tbl_servingsize`
--

INSERT INTO `tbl_servingsize` (`recipe_id`, `ingredient_id`, `quantity`) VALUES
(1, 19, 1),
(1, 25, 2),
(1, 29, 2),
(1, 31, 1.5),
(1, 33, 2),
(1, 42, 0.5),
(1, 48, 1),
(1, 52, 2),
(1, 58, 2),
(1, 60, 12),
(1, 68, 1),
(1, 71, 1),
(1, 81, 9),
(1, 82, 1),
(1, 84, 2),
(1, 94, 1),
(1, 120, 12),
(1, 126, 3),
(2, 39, 14),
(2, 40, 3),
(2, 52, 2),
(2, 54, 2),
(2, 71, 1),
(2, 82, 1),
(2, 88, 3),
(2, 90, 0.5),
(2, 98, 0.5),
(2, 114, 0.875),
(2, 120, 18),
(2, 123, 9),
(3, 7, 1),
(3, 42, 0.5),
(3, 71, 1),
(3, 73, 4),
(3, 92, 1),
(3, 93, 1),
(3, 127, 2),
(4, 7, 2),
(4, 19, 4),
(4, 22, 96),
(4, 28, 0.5),
(4, 31, 0.5),
(4, 34, 1),
(4, 45, 1),
(4, 52, 6),
(4, 61, 3),
(4, 64, 1),
(4, 67, 2),
(4, 72, 36),
(4, 81, 12),
(4, 105, 1),
(4, 106, 1),
(4, 111, 2),
(4, 129, 2),
(5, 63, 2),
(5, 81, 12),
(5, 114, 1.33),
(5, 127, 4),
(5, 131, 1),
(6, 6, 48),
(6, 13, 12.5),
(6, 51, 2),
(6, 69, 0.5),
(6, 75, 0.5),
(6, 78, 3),
(6, 79, 0.75),
(6, 81, 24),
(6, 85, 0.75),
(6, 91, 16),
(6, 106, 1),
(6, 114, 1),
(6, 130, 4),
(7, 14, 48),
(7, 25, 4),
(7, 51, 4),
(7, 57, 8),
(7, 89, 12),
(7, 96, 4),
(7, 99, 16),
(7, 100, 24),
(7, 102, 0.5),
(7, 112, 0.67),
(7, 115, 32),
(7, 122, 0.5),
(7, 125, 16),
(7, 140, 0.5),
(8, 21, 288),
(8, 43, 3),
(8, 51, 8),
(8, 55, 1),
(8, 57, 4),
(8, 100, 3),
(8, 108, 36),
(8, 110, 0.25),
(8, 112, 0.5),
(8, 116, 6),
(8, 137, 0.5),
(9, 32, 0.33),
(9, 43, 2),
(9, 51, 3),
(9, 55, 0.5),
(9, 56, 3.5),
(9, 95, 0.33),
(9, 107, 1),
(9, 108, 16),
(9, 110, 0.25),
(9, 112, 0.5),
(9, 116, 24),
(9, 139, 6),
(10, 9, 4),
(10, 25, 1.33),
(10, 27, 8),
(10, 30, 12),
(10, 34, 1.5),
(10, 37, 30),
(10, 44, 1),
(10, 46, 0.33),
(10, 62, 6),
(10, 64, 1),
(10, 72, 6),
(10, 74, 10),
(10, 101, 1.33),
(10, 106, 1),
(10, 109, 6),
(10, 118, 6),
(10, 136, 1),
(10, 139, 32),
(11, 52, 4),
(11, 66, 0.5),
(11, 81, 3),
(11, 91, 16),
(11, 106, 1),
(11, 118, 1),
(11, 121, 3),
(12, 12, 6),
(12, 15, 1),
(12, 16, 1),
(12, 17, 1),
(12, 18, 1),
(12, 34, 0.5),
(12, 40, 12),
(12, 65, 2),
(12, 83, 6),
(12, 86, 4),
(12, 93, 1),
(12, 128, 4),
(12, 141, 4),
(13, 1, 2),
(13, 2, 6),
(13, 8, 2),
(13, 25, 3),
(13, 50, 10),
(13, 52, 6),
(13, 76, 10),
(13, 77, 0.0625),
(13, 81, 6),
(13, 97, 2),
(13, 103, 0.0625),
(13, 104, 0.0625),
(13, 121, 0.5),
(13, 124, 0.0625),
(13, 133, 6),
(13, 137, 1),
(14, 2, 96),
(14, 3, 48),
(14, 24, 96),
(14, 28, 6),
(14, 53, 1),
(14, 61, 3),
(14, 70, 6),
(14, 84, 1),
(14, 115, 3),
(14, 133, 24),
(14, 134, 6),
(14, 135, 2),
(15, 4, 24),
(15, 43, 42),
(15, 51, 4),
(15, 80, 2),
(15, 95, 0.25),
(15, 113, 5),
(15, 125, 20),
(15, 138, 18),
(16, 3, 84),
(16, 4, 2),
(16, 5, 60),
(16, 10, 1),
(16, 11, 2),
(16, 20, 24),
(16, 36, 80),
(16, 40, 32),
(16, 47, 0.25),
(16, 87, 2),
(16, 106, 0.25),
(16, 117, 1.33),
(16, 119, 3),
(16, 132, 4),
(16, 133, 48),
(17, 2, 48),
(17, 10, 1),
(17, 36, 48),
(17, 47, 1),
(17, 59, 12),
(17, 106, 0.5),
(17, 115, 48),
(17, 118, 48),
(17, 132, 3),
(17, 133, 24),
(17, 139, 24),
(18, 2, 120),
(18, 3, 108),
(18, 4, 12),
(18, 11, 2),
(18, 23, 32),
(18, 26, 1),
(18, 35, 3),
(18, 38, 14),
(18, 41, 6),
(18, 49, 4),
(18, 74, 9),
(18, 106, 1),
(18, 118, 72),
(18, 132, 3);

-- --------------------------------------------------------

--
-- Table structure for table `tbl_store`
--

CREATE TABLE `tbl_store` (
  `recipe_id` bigint(4) NOT NULL,
  `recipe_name` varchar(60) NOT NULL,
  `ingredient_id` bigint(4) NOT NULL,
  `ingredient_name` varchar(40) NOT NULL,
  `quantity` double NOT NULL,
  `measurement` varchar(25) NOT NULL
) ENGINE=InnoDB DEFAULT CHARSET=utf8mb4;

--
-- Dumping data for table `tbl_store`
--

INSERT INTO `tbl_store` (`recipe_id`, `recipe_name`, `ingredient_id`, `ingredient_name`, `quantity`, `measurement`) VALUES
(1, 'Vegan chilli', 19, 'Black Beans', 1, 'can'),
(1, 'Vegan chilli', 25, 'Carrots', 2, 'cup'),
(1, 'Vegan chilli', 29, 'Celery', 2, 'stick'),
(1, 'Vegan chilli', 31, 'Chili Powder', 1.5, 'teaspoon'),
(1, 'Vegan chilli', 33, 'Chopped Tomatoes', 2, 'can'),
(1, 'Vegan chilli', 42, 'Coriander', 0.5, 'pack'),
(1, 'Vegan chilli', 48, 'Dried Oregano', 1, 'teaspoon'),
(1, 'Vegan chilli', 52, 'Garlic cloves', 2, 'clove'),
(1, 'Vegan chilli', 58, 'Ground Cumin', 2, 'teaspoon'),
(1, 'Vegan chilli', 60, 'Guacamole', 12, 'teaspoon'),
(1, 'Vegan chilli', 68, 'Kidney Beas', 1, 'can'),
(1, 'Vegan chilli', 71, 'Lime', 1, 'lime'),
(1, 'Vegan chilli', 81, 'Olive Oil', 9, 'teaspoon'),
(1, 'Vegan chilli', 82, 'Onion', 1, 'onion'),
(1, 'Vegan chilli', 84, 'Paprika', 2, 'teaspoon'),
(1, 'Vegan chilli', 94, 'Red Pepper', 1, 'red pepper'),
(1, 'Vegan chilli', 120, 'Sweet Potatoes', 12, 'ounce'),
(1, 'Vegan chilli', 126, 'Tomato Puree', 3, 'teaspoon'),
(2, 'Sweet potato curry', 39, 'Coconut Milk', 14, 'ounce'),
(2, 'Sweet potato curry', 40, 'Coconut oil', 3, 'teaspoon'),
(2, 'Sweet potato curry', 52, 'Garlic cloves', 2, 'clove'),
(2, 'Sweet potato curry', 54, 'Ginger', 2, 'inch'),
(2, 'Sweet potato curry', 71, 'Lime', 1, 'lime'),
(2, 'Sweet potato curry', 82, 'Onion', 1, 'onion'),
(2, 'Sweet potato curry', 88, 'Peanut Butter', 3, 'teaspoon'),
(2, 'Sweet potato curry', 90, 'Peanuts', 0.5, 'cup'),
(2, 'Sweet potato curry', 98, 'Rice', 0.5, 'cup'),
(2, 'Sweet potato curry', 114, 'Spinach', 0.875, 'cup'),
(2, 'Sweet potato curry', 120, 'Sweet Potatoes', 18, 'ounce'),
(2, 'Sweet potato curry', 123, 'Thai Red Curry Paste', 9, 'teaspoon'),
(3, 'Linguine with avocado, tomato & lime', 7, 'Avocado', 1, 'avocado'),
(3, 'Linguine with avocado, tomato & lime', 42, 'Coriander', 0.5, 'pack'),
(3, 'Linguine with avocado, tomato & lime', 71, 'Lime', 1, 'lime'),
(3, 'Linguine with avocado, tomato & lime', 73, 'Linguine', 4, 'ounce'),
(3, 'Linguine with avocado, tomato & lime', 92, 'Red Chili', 1, 'red chili'),
(3, 'Linguine with avocado, tomato & lime', 93, 'Red Onion', 1, 'red onion'),
(3, 'Linguine with avocado, tomato & lime', 127, 'Tomatoes', 2, 'tomato'),
(4, 'Kale, Black Bean and Avocado Burrito Bowl', 7, 'Avocado', 2, 'avocado'),
(4, 'Kale, Black Bean and Avocado Burrito Bowl', 19, 'Black Beans', 4, 'can'),
(4, 'Kale, Black Bean and Avocado Burrito Bowl', 22, 'Brown Rice', 96, 'teaspoon'),
(4, 'Kale, Black Bean and Avocado Burrito Bowl', 28, 'Cayenne Pepper', 0.5, 'teaspoon'),
(4, 'Kale, Black Bean and Avocado Burrito Bowl', 31, 'Chili Powder', 0.5, 'teaspoon'),
(4, 'Kale, Black Bean and Avocado Burrito Bowl', 34, 'Cilantro', 1, 'cup'),
(4, 'Kale, Black Bean and Avocado Burrito Bowl', 45, 'Cumin', 1, 'teaspoon'),
(4, 'Kale, Black Bean and Avocado Burrito Bowl', 52, 'Garlic cloves', 6, 'clove'),
(4, 'Kale, Black Bean and Avocado Burrito Bowl', 61, 'Hot Sauce', 3, 'teaspoon'),
(4, 'Kale, Black Bean and Avocado Burrito Bowl', 64, 'Jalapeno', 1, 'jalapeno'),
(4, 'Kale, Black Bean and Avocado Burrito Bowl', 67, 'Kale - Curly', 2, 'bunch'),
(4, 'Kale, Black Bean and Avocado Burrito Bowl', 72, 'Lime Juice', 36, 'teaspoon'),
(4, 'Kale, Black Bean and Avocado Burrito Bowl', 81, 'Olive Oil', 12, 'teaspoon'),
(4, 'Kale, Black Bean and Avocado Burrito Bowl', 105, 'Salsa', 1, 'cup'),
(4, 'Kale, Black Bean and Avocado Burrito Bowl', 106, 'Salt', 1, 'teaspoon'),
(4, 'Kale, Black Bean and Avocado Burrito Bowl', 111, 'Shallots', 2, 'shallot'),
(4, 'Kale, Black Bean and Avocado Burrito Bowl', 129, 'Tomatoes - Cherry', 2, 'cherry tomato'),
(5, 'Hummus quesadillas', 63, 'Hummus', 2, 'cup'),
(5, 'Hummus quesadillas', 81, 'Olive Oil', 12, 'teaspoon'),
(5, 'Hummus quesadillas', 114, 'Spinach', 1.33, 'cup'),
(5, 'Hummus quesadillas', 127, 'Tomatoes', 4, 'tomato'),
(5, 'Hummus quesadillas', 131, 'Tortillas', 1, 'pack'),
(6, 'Artichoke and Spinach Pesto Pizza', 6, 'Artichoke Hearts', 48, 'teaspoon'),
(6, 'Artichoke and Spinach Pesto Pizza', 13, 'Basil Leaves', 12.5, 'leaf'),
(6, 'Artichoke and Spinach Pesto Pizza', 51, 'Garlic - Minced', 2, 'clove'),
(6, 'Artichoke and Spinach Pesto Pizza', 69, 'Lemon', 0.5, 'lemon'),
(6, 'Artichoke and Spinach Pesto Pizza', 75, 'Mozzarella - Vegan', 0.5, 'cup'),
(6, 'Artichoke and Spinach Pesto Pizza', 78, 'Nutritional Yeast', 3, 'teaspoon'),
(6, 'Artichoke and Spinach Pesto Pizza', 79, 'Nuts (any)', 0.75, 'cup'),
(6, 'Artichoke and Spinach Pesto Pizza', 81, 'Olive Oil', 24, 'teaspoon'),
(6, 'Artichoke and Spinach Pesto Pizza', 85, 'Parmesan - Vegan', 0.75, 'cup'),
(6, 'Artichoke and Spinach Pesto Pizza', 91, 'Pizza dough', 16, 'ounce'),
(6, 'Artichoke and Spinach Pesto Pizza', 106, 'Salt', 1, 'teaspoon'),
(6, 'Artichoke and Spinach Pesto Pizza', 114, 'Spinach', 1, 'cup'),
(6, 'Artichoke and Spinach Pesto Pizza', 130, 'Tomatoes - Sun Dried', 4, 'sun dried tomato'),
(7, 'Pad Thai', 14, 'Bean Sprouts', 48, 'teaspoon'),
(7, 'Pad Thai', 25, 'Carrots', 4, 'cup'),
(7, 'Pad Thai', 51, 'Garlic - Minced', 4, 'clove'),
(7, 'Pad Thai', 57, 'Green Onion', 8, 'green onion'),
(7, 'Pad Thai', 89, 'Peanut Oil', 12, 'teaspoon'),
(7, 'Pad Thai', 96, 'Red Thai Chilis', 4, 'red thai chili'),
(7, 'Pad Thai', 99, 'Rice Noodles', 16, 'ounce'),
(7, 'Pad Thai', 100, 'Rice Vinegar', 24, 'teaspoon'),
(7, 'Pad Thai', 102, 'Roasted Unsalted Peanuts', 0.5, 'cup'),
(7, 'Pad Thai', 112, 'Soy Sauce', 0.67, 'cup'),
(7, 'Pad Thai', 115, 'Sugar - Brown', 32, 'teaspoon'),
(7, 'Pad Thai', 122, 'Tamarind Paste', 0.5, 'cup'),
(7, 'Pad Thai', 125, 'Tofu', 16, 'ounce'),
(7, 'Pad Thai', 140, 'Worcestershire Sauce', 0.5, 'cup'),
(8, 'Beef and broccoli', 21, 'Broccoli', 288, 'teaspoon'),
(8, 'Beef and broccoli', 43, 'Cornstarch', 3, 'teaspoon'),
(8, 'Beef and broccoli', 51, 'Garlic - Minced', 8, 'clove'),
(8, 'Beef and broccoli', 55, 'Ginger - Minced', 1, 'teaspoon'),
(8, 'Beef and broccoli', 57, 'Green Onion', 4, 'green onion'),
(8, 'Beef and broccoli', 100, 'Rice Vinegar', 3, 'teaspoon'),
(8, 'Beef and broccoli', 108, 'Seitan', 36, 'ounce'),
(8, 'Beef and broccoli', 110, 'Sesame Seeds', 0.25, 'cup'),
(8, 'Beef and broccoli', 112, 'Soy Sauce', 0.5, 'cup'),
(8, 'Beef and broccoli', 116, 'Sugar - Brown/Coconut ', 6, 'teaspoon'),
(8, 'Beef and broccoli', 137, 'Vegetable Broth', 0.5, 'cup'),
(9, 'Mongolian beef', 32, 'Chinese 5 Spice (optional)', 0.33, 'teaspoon'),
(9, 'Mongolian beef', 43, 'Cornstarch', 2, 'teaspoon'),
(9, 'Mongolian beef', 51, 'Garlic - Minced', 3, 'clove'),
(9, 'Mongolian beef', 55, 'Ginger - Minced', 0.5, 'teaspoon'),
(9, 'Mongolian beef', 56, 'Grapeseed Oil', 3.5, 'teaspoon'),
(9, 'Mongolian beef', 95, 'Red Pepper Flakes', 0.33, 'teaspoon'),
(9, 'Mongolian beef', 107, 'Scallions', 1, 'bunch'),
(9, 'Mongolian beef', 108, 'Seitan', 16, 'ounce'),
(9, 'Mongolian beef', 110, 'Sesame Seeds', 0.25, 'cup'),
(9, 'Mongolian beef', 112, 'Soy Sauce', 0.5, 'cup'),
(9, 'Mongolian beef', 116, 'Sugar - Brown/Coconut ', 24, 'teaspoon'),
(9, 'Mongolian beef', 139, 'Water', 6, 'teaspoon'),
(10, 'Cauliflower Banh Mi Sandwich', 9, 'Baguettes', 4, 'baguette'),
(10, 'Cauliflower Banh Mi Sandwich', 25, 'Carrots', 1.33, 'cup'),
(10, 'Cauliflower Banh Mi Sandwich', 27, 'Cauliflower Florets', 8, 'cup'),
(10, 'Cauliflower Banh Mi Sandwich', 30, 'Chili Garlic Sauce', 12, 'teaspoon'),
(10, 'Cauliflower Banh Mi Sandwich', 34, 'Cilantro', 1.5, 'cup'),
(10, 'Cauliflower Banh Mi Sandwich', 37, 'Coconut Aminos', 30, 'teaspoon'),
(10, 'Cauliflower Banh Mi Sandwich', 44, 'Cucumber', 1, 'cucumber'),
(10, 'Cauliflower Banh Mi Sandwich', 46, 'Daikon/Radish', 0.33, 'cup'),
(10, 'Cauliflower Banh Mi Sandwich', 62, 'Hot Sauce/Sriracha', 6, 'teaspoon'),
(10, 'Cauliflower Banh Mi Sandwich', 64, 'Jalapeno', 1, 'jalapeno'),
(10, 'Cauliflower Banh Mi Sandwich', 72, 'Lime Juice', 6, 'teaspoon'),
(10, 'Cauliflower Banh Mi Sandwich', 74, 'Maple (or Agave) Syrup', 10, 'teaspoon'),
(10, 'Cauliflower Banh Mi Sandwich', 101, 'Rice Wine Vinegar', 1.33, 'cup'),
(10, 'Cauliflower Banh Mi Sandwich', 106, 'Salt', 1, 'teaspoon'),
(10, 'Cauliflower Banh Mi Sandwich', 109, 'Sesame or Avocado Oil', 6, 'teaspoon'),
(10, 'Cauliflower Banh Mi Sandwich', 118, 'Sugar - Granulated', 6, 'teaspoon'),
(10, 'Cauliflower Banh Mi Sandwich', 136, 'Vegan Mayo', 1, 'cup'),
(10, 'Cauliflower Banh Mi Sandwich', 139, 'Water', 32, 'teaspoon'),
(11, 'Caramelized Onion Tart With Olives', 52, 'Garlic cloves', 4, 'clove'),
(11, 'Caramelized Onion Tart With Olives', 66, 'Kalamata Olives', 0.5, 'cup'),
(11, 'Caramelized Onion Tart With Olives', 81, 'Olive Oil', 3, 'teaspoon'),
(11, 'Caramelized Onion Tart With Olives', 91, 'Pizza dough', 16, 'ounce'),
(11, 'Caramelized Onion Tart With Olives', 106, 'Salt', 1, 'teaspoon'),
(11, 'Caramelized Onion Tart With Olives', 118, 'Sugar - Granulated', 1, 'teaspoon'),
(11, 'Caramelized Onion Tart With Olives', 121, 'Sweet Yellow Onions', 3, 'sweet yellow onion'),
(12, 'Ratatouille', 12, 'Basil', 6, 'teaspoon'),
(12, 'Ratatouille', 15, 'Bell Pepper - Green', 1, 'bell'),
(12, 'Ratatouille', 16, 'Bell Pepper - Orange', 1, 'bell'),
(12, 'Ratatouille', 17, 'Bell Pepper - Red', 1, 'bell'),
(12, 'Ratatouille', 18, 'Bell Pepper - Yellow', 1, 'bell'),
(12, 'Ratatouille', 34, 'Cilantro', 0.5, 'cup'),
(12, 'Ratatouille', 40, 'Coconut oil', 12, 'teaspoon'),
(12, 'Ratatouille', 65, 'Japanese Eggplant', 2, 'eggplant'),
(12, 'Ratatouille', 83, 'Oregano', 6, 'teaspoon'),
(12, 'Ratatouille', 86, 'Pasta Sauce', 4, 'cup'),
(12, 'Ratatouille', 93, 'Red Onion', 1, 'red onion'),
(12, 'Ratatouille', 128, 'Tomatoes - Beefsteak', 4, 'beefsteak tomato'),
(12, 'Ratatouille', 141, 'Yellow Squash', 4, 'squash'),
(13, 'Vegan Coq au Vin', 1, 'Az Syrup', 2, 'teaspoon'),
(13, 'Vegan Coq au Vin', 2, 'All Purpose Flour', 6, 'teaspoon'),
(13, 'Vegan Coq au Vin', 8, 'Baby Potatoes', 2, 'cup'),
(13, 'Vegan Coq au Vin', 25, 'Carrots', 3, 'cup'),
(13, 'Vegan Coq au Vin', 50, 'Fresh Thyme', 10, 'sprig'),
(13, 'Vegan Coq au Vin', 52, 'Garlic cloves', 6, 'clove'),
(13, 'Vegan Coq au Vin', 76, 'Mushrooms', 10, 'ounce'),
(13, 'Vegan Coq au Vin', 77, 'Nutmeg', 0.0625, 'teaspoon'),
(13, 'Vegan Coq au Vin', 81, 'Olive Oil', 6, 'teaspoon'),
(13, 'Vegan Coq au Vin', 97, 'Red Wine', 2, 'cup'),
(13, 'Vegan Coq au Vin', 103, 'Rosemary', 0.0625, 'teaspoon'),
(13, 'Vegan Coq au Vin', 104, 'Sage', 0.0625, 'teaspoon'),
(13, 'Vegan Coq au Vin', 121, 'Sweet Yellow Onions', 0.5, 'sweet yellow onion'),
(13, 'Vegan Coq au Vin', 124, 'Thyme', 0.0625, 'teaspoon'),
(13, 'Vegan Coq au Vin', 133, 'Vegan Butter', 6, 'teaspoon'),
(13, 'Vegan Coq au Vin', 137, 'Vegetable Broth', 1, 'cup'),
(14, 'Vegan Nashville Fried Chicken', 2, 'All Purpose Flour', 96, 'teaspoon'),
(14, 'Vegan Nashville Fried Chicken', 3, 'Almond Milk', 48, 'teaspoon'),
(14, 'Vegan Nashville Fried Chicken', 24, 'Canola or Corn Oil', 96, 'teaspoon'),
(14, 'Vegan Nashville Fried Chicken', 28, 'Cayenne Pepper', 6, 'teaspoon'),
(14, 'Vegan Nashville Fried Chicken', 53, 'Garlic Powder (Substitute)', 1, 'teaspoon'),
(14, 'Vegan Nashville Fried Chicken', 61, 'Hot Sauce', 3, 'teaspoon'),
(14, 'Vegan Nashville Fried Chicken', 70, 'Lemon Juice', 6, 'teaspoon'),
(14, 'Vegan Nashville Fried Chicken', 84, 'Paprika', 1, 'teaspoon'),
(14, 'Vegan Nashville Fried Chicken', 115, 'Sugar - Brown', 3, 'teaspoon'),
(14, 'Vegan Nashville Fried Chicken', 133, 'Vegan Butter', 24, 'teaspoon'),
(14, 'Vegan Nashville Fried Chicken', 134, 'Vegan Chicken Cutlets', 6, 'cutlet'),
(14, 'Vegan Nashville Fried Chicken', 135, 'Vegan Eggs', 2, 'egg'),
(15, 'General Tso', 4, 'Apple Cider Vinegar', 24, 'teaspoon'),
(15, 'General Tso', 43, 'Cornstarch', 42, 'teaspoon'),
(15, 'General Tso', 51, 'Garlic - Minced', 4, 'clove'),
(15, 'General Tso', 80, 'Oil of your choice', 2, 'cup'),
(15, 'General Tso', 95, 'Red Pepper Flakes', 0.25, 'teaspoon'),
(15, 'General Tso', 113, 'Soy Sauce / Tamari', 5, 'ounce'),
(15, 'General Tso', 125, 'Tofu', 20, 'ounce'),
(15, 'General Tso', 138, 'Vegetable Stock', 18, 'teaspoon'),
(16, 'Chocolate Cake', 3, 'Almond Milk', 84, 'teaspoon'),
(16, 'Chocolate Cake', 4, 'Apple Cider Vinegar', 2, 'teaspoon'),
(16, 'Chocolate Cake', 5, 'Applesauce - Unsweetened', 60, 'teaspoon'),
(16, 'Chocolate Cake', 10, 'Baking Powder', 1, 'teaspoon'),
(16, 'Chocolate Cake', 11, 'Baking Soda', 2, 'teaspoon'),
(16, 'Chocolate Cake', 20, 'Brewed Coffee', 24, 'teaspoon'),
(16, 'Chocolate Cake', 36, 'Cocoa Powder - Unsweetened', 80, 'teaspoon'),
(16, 'Chocolate Cake', 40, 'Coconut oil', 32, 'teaspoon'),
(16, 'Chocolate Cake', 47, 'Dairy Free Semisweet Chocolate', 0.25, 'cup'),
(16, 'Chocolate Cake', 87, 'Pastry or All Purpose Flour', 2, 'cup'),
(16, 'Chocolate Cake', 106, 'Salt', 0.25, 'teaspoon'),
(16, 'Chocolate Cake', 117, 'Sugar - Cane', 1.33, 'cup'),
(16, 'Chocolate Cake', 119, 'Sugar - Powdered', 3, 'cup'),
(16, 'Chocolate Cake', 132, 'Vanilla Extract', 4, 'teaspoon'),
(16, 'Chocolate Cake', 133, 'Vegan Butter', 48, 'teaspoon'),
(17, 'Brownies', 2, 'All Purpose Flour', 48, 'teaspoon'),
(17, 'Brownies', 10, 'Baking Powder', 1, 'teaspoon'),
(17, 'Brownies', 36, 'Cocoa Powder - Unsweetened', 48, 'teaspoon'),
(17, 'Brownies', 47, 'Dairy Free Semisweet Chocolate', 1, 'cup'),
(17, 'Brownies', 59, 'Ground Flax', 12, 'teaspoon'),
(17, 'Brownies', 106, 'Salt', 0.5, 'teaspoon'),
(17, 'Brownies', 115, 'Sugar - Brown', 48, 'teaspoon'),
(17, 'Brownies', 118, 'Sugar - Granulated', 48, 'teaspoon'),
(17, 'Brownies', 132, 'Vanilla Extract', 3, 'teaspoon'),
(17, 'Brownies', 133, 'Vegan Butter', 24, 'teaspoon'),
(17, 'Brownies', 139, 'Water', 24, 'teaspoon'),
(18, 'Tiramisu', 2, 'All Purpose Flour', 120, 'teaspoon'),
(18, 'Tiramisu', 3, 'Almond Milk', 108, 'teaspoon'),
(18, 'Tiramisu', 4, 'Apple Cider Vinegar', 12, 'teaspoon'),
(18, 'Tiramisu', 11, 'Baking Soda', 2, 'teaspoon'),
(18, 'Tiramisu', 23, 'Canola Oil', 32, 'teaspoon'),
(18, 'Tiramisu', 26, 'Cashews', 1, 'cup'),
(18, 'Tiramisu', 35, 'Cocoa Powder ', 3, 'teaspoon'),
(18, 'Tiramisu', 38, 'Coconut Cream/Milk', 14, 'ounce'),
(18, 'Tiramisu', 41, 'Coffee Liqueur', 6, 'teaspoon'),
(18, 'Tiramisu', 49, 'Espresso/Strong Coffee', 4, 'shot'),
(18, 'Tiramisu', 74, 'Maple (or Agave) Syrup', 9, 'teaspoon'),
(18, 'Tiramisu', 106, 'Salt', 1, 'teaspoon'),
(18, 'Tiramisu', 118, 'Sugar - Granulated', 72, 'teaspoon'),
(18, 'Tiramisu', 132, 'Vanilla Extract', 3, 'teaspoon');

--
-- Indexes for dumped tables
--

--
-- Indexes for table `tbl_ingredients`
--
ALTER TABLE `tbl_ingredients`
  ADD PRIMARY KEY (`ingredient_id`),
  ADD UNIQUE KEY `ingredient_name_index` (`ingredient_name`) USING BTREE;

--
-- Indexes for table `tbl_recipes`
--
ALTER TABLE `tbl_recipes`
  ADD PRIMARY KEY (`recipe_id`);

--
-- Indexes for table `tbl_servingsize`
--
ALTER TABLE `tbl_servingsize`
  ADD UNIQUE KEY `UNIQUEKEYS` (`recipe_id`,`ingredient_id`),
  ADD KEY `ingredient_id_index` (`ingredient_id`) USING BTREE,
  ADD KEY `recipe_id_index` (`recipe_id`) USING BTREE;

--
-- Indexes for table `tbl_store`
--
ALTER TABLE `tbl_store`
  ADD UNIQUE KEY `UNIQUEKEYS` (`recipe_id`,`ingredient_id`) USING BTREE,
  ADD KEY `ingredient_id_index` (`ingredient_id`) USING BTREE,
  ADD KEY `recipe_id_index` (`recipe_id`) USING BTREE;

--
-- AUTO_INCREMENT for dumped tables
--

--
-- AUTO_INCREMENT for table `tbl_recipes`
--
ALTER TABLE `tbl_recipes`
  MODIFY `recipe_id` bigint(4) NOT NULL AUTO_INCREMENT, AUTO_INCREMENT=34;

--
-- Constraints for dumped tables
--

--
-- Constraints for table `tbl_servingsize`
--
ALTER TABLE `tbl_servingsize`
  ADD CONSTRAINT `tbl_servingsize_ibfk_1` FOREIGN KEY (`recipe_id`) REFERENCES `tbl_recipes` (`recipe_id`),
  ADD CONSTRAINT `tbl_servingsize_ibfk_2` FOREIGN KEY (`ingredient_id`) REFERENCES `tbl_ingredients` (`ingredient_id`);
COMMIT;

/*!40101 SET CHARACTER_SET_CLIENT=@OLD_CHARACTER_SET_CLIENT */;
/*!40101 SET CHARACTER_SET_RESULTS=@OLD_CHARACTER_SET_RESULTS */;
/*!40101 SET COLLATION_CONNECTION=@OLD_COLLATION_CONNECTION */;
